﻿<!--This is a DXCore settings file-->
<Page Name="Shortcuts_ReSharper_Visual Studio scheme_Coding Assistance">
 <Language Name="*Neutral*">
  <Section Name="FolderInfo">
   <Option Name="Enabled" Value="True" />
   <Option Name="Description" Value="" />
   <Option Name="FolderState" Value="Collapsed" />
  </Section>
  <Section Name="Header">
   <Option Name="Count" Value="7" />
  </Section>
  <Section Name="Command0">
   <Option Name="Key1.KeyState" Value="558694401" />
   <Option Name="Key1.KeyCode" Value="39" />
   <Option Name="Key1.Ctrl" Value="True" />
   <Option Name="Key1.Shift" Value="False" />
   <Option Name="Key1.Alt" Value="True" />
   <Option Name="Key1.RightSide" Value="False" />
   <Option Name="Key1.Extended" Value="True" />
   <Option Name="Key2.KeyState" Value="0" />
   <Option Name="Key2.KeyCode" Value="0" />
   <Option Name="Key2.Ctrl" Value="False" />
   <Option Name="Key2.Shift" Value="False" />
   <Option Name="Key2.Alt" Value="False" />
   <Option Name="Key2.RightSide" Value="False" />
   <Option Name="Key2.Extended" Value="False" />
   <Option Name="Command" Value="ReSharper.ExtendSelection" />
   <Option Name="Comments" Value="" />
   <Option Name="Parameters" Value="" />
   <Option Name="SendKeyToIDE" Value="False" />
   <Option Name="Binding" Value="0" />
   <Option Name="MouseAction" Value="0" />
   <Option Name="ShiftKeyDown" Value="False" />
   <Option Name="CtrlKeyDown" Value="False" />
   <Option Name="AltKeyDown" Value="False" />
   <Option Name="Enabled" Value="True" />
   <Option Name="ContextSelected_Count" Value="1" />
   <Option Name="ContextSelected_0" Value="Focus\Documents\Source\Code Editor" />
   <Option Name="ContextExcluded_Count" Value="0" />
   <Option Name="Selected" Value="False" />
  </Section>
  <Section Name="Command1">
   <Option Name="Key1.KeyState" Value="558563329" />
   <Option Name="Key1.KeyCode" Value="37" />
   <Option Name="Key1.Ctrl" Value="True" />
   <Option Name="Key1.Shift" Value="False" />
   <Option Name="Key1.Alt" Value="True" />
   <Option Name="Key1.RightSide" Value="False" />
   <Option Name="Key1.Extended" Value="True" />
   <Option Name="Key2.KeyState" Value="0" />
   <Option Name="Key2.KeyCode" Value="0" />
   <Option Name="Key2.Ctrl" Value="False" />
   <Option Name="Key2.Shift" Value="False" />
   <Option Name="Key2.Alt" Value="False" />
   <Option Name="Key2.RightSide" Value="False" />
   <Option Name="Key2.Extended" Value="False" />
   <Option Name="Command" Value="ReSharper.ShrinkSelection" />
   <Option Name="Comments" Value="" />
   <Option Name="Parameters" Value="" />
   <Option Name="SendKeyToIDE" Value="False" />
   <Option Name="Binding" Value="0" />
   <Option Name="MouseAction" Value="0" />
   <Option Name="ShiftKeyDown" Value="False" />
   <Option Name="CtrlKeyDown" Value="False" />
   <Option Name="AltKeyDown" Value="False" />
   <Option Name="Enabled" Value="True" />
   <Option Name="ContextSelected_Count" Value="1" />
   <Option Name="ContextSelected_0" Value="Focus\Documents\Source\Code Editor" />
   <Option Name="ContextExcluded_Count" Value="0" />
   <Option Name="Selected" Value="False" />
  </Section>
  <Section Name="Command2">
   <Option Name="Key1.KeyState" Value="2097153" />
   <Option Name="Key1.KeyCode" Value="68" />
   <Option Name="Key1.Ctrl" Value="True" />
   <Option Name="Key1.Shift" Value="False" />
   <Option Name="Key1.Alt" Value="False" />
   <Option Name="Key1.RightSide" Value="False" />
   <Option Name="Key1.Extended" Value="False" />
   <Option Name="Key2.KeyState" Value="0" />
   <Option Name="Key2.KeyCode" Value="0" />
   <Option Name="Key2.Ctrl" Value="False" />
   <Option Name="Key2.Shift" Value="False" />
   <Option Name="Key2.Alt" Value="False" />
   <Option Name="Key2.RightSide" Value="False" />
   <Option Name="Key2.Extended" Value="False" />
   <Option Name="Command" Value="ReSharper.DuplicateLine" />
   <Option Name="Comments" Value="" />
   <Option Name="Parameters" Value="" />
   <Option Name="SendKeyToIDE" Value="False" />
   <Option Name="Binding" Value="0" />
   <Option Name="MouseAction" Value="0" />
   <Option Name="ShiftKeyDown" Value="False" />
   <Option Name="CtrlKeyDown" Value="False" />
   <Option Name="AltKeyDown" Value="False" />
   <Option Name="Enabled" Value="True" />
   <Option Name="ContextSelected_Count" Value="1" />
   <Option Name="ContextSelected_0" Value="Focus\Documents\Source\Code Editor" />
   <Option Name="ContextExcluded_Count" Value="0" />
   <Option Name="Selected" Value="False" />
  </Section>
  <Section Name="Command3">
   <Option Name="Key1.KeyState" Value="538705921" />
   <Option Name="Key1.KeyCode" Value="13" />
   <Option Name="Key1.Ctrl" Value="False" />
   <Option Name="Key1.Shift" Value="False" />
   <Option Name="Key1.Alt" Value="True" />
   <Option Name="Key1.RightSide" Value="False" />
   <Option Name="Key1.Extended" Value="False" />
   <Option Name="Key2.KeyState" Value="0" />
   <Option Name="Key2.KeyCode" Value="0" />
   <Option Name="Key2.Ctrl" Value="False" />
   <Option Name="Key2.Shift" Value="False" />
   <Option Name="Key2.Alt" Value="False" />
   <Option Name="Key2.RightSide" Value="False" />
   <Option Name="Key2.Extended" Value="False" />
   <Option Name="Command" Value="ReSharper.ShowQuickFixes" />
   <Option Name="Comments" Value="" />
   <Option Name="Parameters" Value="" />
   <Option Name="SendKeyToIDE" Value="False" />
   <Option Name="Binding" Value="0" />
   <Option Name="MouseAction" Value="0" />
   <Option Name="ShiftKeyDown" Value="False" />
   <Option Name="CtrlKeyDown" Value="False" />
   <Option Name="AltKeyDown" Value="False" />
   <Option Name="Enabled" Value="True" />
   <Option Name="ContextSelected_Count" Value="1" />
   <Option Name="ContextSelected_0" Value="Focus\Documents\Source\Code Editor" />
   <Option Name="ContextExcluded_Count" Value="1" />
   <Option Name="ContextExcluded_0" Value="System\Intellisense Active" />
   <Option Name="Selected" Value="False" />
  </Section>
  <Section Name="Command4">
   <Option Name="Key1.KeyState" Value="558891009" />
   <Option Name="Key1.KeyCode" Value="40" />
   <Option Name="Key1.Ctrl" Value="True" />
   <Option Name="Key1.Shift" Value="True" />
   <Option Name="Key1.Alt" Value="True" />
   <Option Name="Key1.RightSide" Value="False" />
   <Option Name="Key1.Extended" Value="True" />
   <Option Name="Key2.KeyState" Value="0" />
   <Option Name="Key2.KeyCode" Value="0" />
   <Option Name="Key2.Ctrl" Value="False" />
   <Option Name="Key2.Shift" Value="False" />
   <Option Name="Key2.Alt" Value="False" />
   <Option Name="Key2.RightSide" Value="False" />
   <Option Name="Key2.Extended" Value="False" />
   <Option Name="Command" Value="ReSharper.MoveCodeDown" />
   <Option Name="Comments" Value="" />
   <Option Name="Parameters" Value="" />
   <Option Name="SendKeyToIDE" Value="False" />
   <Option Name="Binding" Value="0" />
   <Option Name="MouseAction" Value="0" />
   <Option Name="ShiftKeyDown" Value="False" />
   <Option Name="CtrlKeyDown" Value="False" />
   <Option Name="AltKeyDown" Value="False" />
   <Option Name="Enabled" Value="True" />
   <Option Name="ContextSelected_Count" Value="1" />
   <Option Name="ContextSelected_0" Value="Focus\Documents\Source\Code Editor" />
   <Option Name="ContextExcluded_Count" Value="0" />
   <Option Name="Selected" Value="False" />
  </Section>
  <Section Name="Command5">
   <Option Name="Key1.KeyState" Value="558366721" />
   <Option Name="Key1.KeyCode" Value="38" />
   <Option Name="Key1.Ctrl" Value="True" />
   <Option Name="Key1.Shift" Value="True" />
   <Option Name="Key1.Alt" Value="True" />
   <Option Name="Key1.RightSide" Value="False" />
   <Option Name="Key1.Extended" Value="True" />
   <Option Name="Key2.KeyState" Value="0" />
   <Option Name="Key2.KeyCode" Value="0" />
   <Option Name="Key2.Ctrl" Value="False" />
   <Option Name="Key2.Shift" Value="False" />
   <Option Name="Key2.Alt" Value="False" />
   <Option Name="Key2.RightSide" Value="False" />
   <Option Name="Key2.Extended" Value="False" />
   <Option Name="Command" Value="ReSharper.MoveCodeUp" />
   <Option Name="Comments" Value="" />
   <Option Name="Parameters" Value="" />
   <Option Name="SendKeyToIDE" Value="False" />
   <Option Name="Binding" Value="0" />
   <Option Name="MouseAction" Value="0" />
   <Option Name="ShiftKeyDown" Value="False" />
   <Option Name="CtrlKeyDown" Value="False" />
   <Option Name="AltKeyDown" Value="False" />
   <Option Name="Enabled" Value="True" />
   <Option Name="ContextSelected_Count" Value="1" />
   <Option Name="ContextSelected_0" Value="Focus\Documents\Source\Code Editor" />
   <Option Name="ContextExcluded_Count" Value="0" />
   <Option Name="Selected" Value="False" />
  </Section>
  <Section Name="Command6">
   <Option Name="Key1.KeyState" Value="540344321" />
   <Option Name="Key1.KeyCode" Value="191" />
   <Option Name="Key1.Ctrl" Value="True" />
   <Option Name="Key1.Shift" Value="False" />
   <Option Name="Key1.Alt" Value="True" />
   <Option Name="Key1.RightSide" Value="False" />
   <Option Name="Key1.Extended" Value="False" />
   <Option Name="Key2.KeyState" Value="0" />
   <Option Name="Key2.KeyCode" Value="0" />
   <Option Name="Key2.Ctrl" Value="False" />
   <Option Name="Key2.Shift" Value="False" />
   <Option Name="Key2.Alt" Value="False" />
   <Option Name="Key2.RightSide" Value="False" />
   <Option Name="Key2.Extended" Value="False" />
   <Option Name="Command" Value="ReSharper.CommentWithLineComment" />
   <Option Name="Comments" Value="" />
   <Option Name="Parameters" Value="" />
   <Option Name="SendKeyToIDE" Value="False" />
   <Option Name="Binding" Value="0" />
   <Option Name="MouseAction" Value="0" />
   <Option Name="ShiftKeyDown" Value="False" />
   <Option Name="CtrlKeyDown" Value="False" />
   <Option Name="AltKeyDown" Value="False" />
   <Option Name="Enabled" Value="True" />
   <Option Name="ContextSelected_Count" Value="1" />
   <Option Name="ContextSelected_0" Value="Focus\Documents\Source\Code Editor" />
   <Option Name="ContextExcluded_Count" Value="0" />
   <Option Name="Selected" Value="False" />
  </Section>
 </Language>
</Page>